How did you receive the form?,Drop Off Location,Stake,Time Spent Collecting Donations,# of Adult Volunteers,# of Youth Volunteers,Doors in Route,Donation Bags Collected,Completed More Than One Route,How many routes did you complete?,Comment Sentiments,Comments or Feedback,Ward/Branch,Time Spent,Predictions
In person,Bearspaw Chapel,Riverbend Stake,0 - 30 Minutes,5.145590198056751,0.6464729369252401,-0.7961851664432336,599,0,1,Neutral,No Comments,23,,2
In person,Bearspaw Chapel,Riverbend Stake,0 - 30 Minutes,5.145590198056751,0.6464729369252401,-0.7961851664432336,599,0,1,Neutral,No Comments,23,,2
In person,Londonberry Chapel,Bonnie Doon Stake,0 - 30 Minutes,-1.1356752208245144,-0.24076519445224479,-1.4115140227583627,1,0,1,Neutral,No Comments,2,,2
In person,Gateway Stake Centre ,Gateway Stake,0 - 30 Minutes,-0.08879765101097008,0.012731414512750904,-1.2596796296416424,20,0,1,Neutral,No Comments,10,,2
In person,Bonnie Doon Stake Centre,Bonnie Doon Stake,0 - 30 Minutes,-0.08879765101097008,0.012731414512750904,-1.2596796296416424,15,0,1,Neutral,No Comments,7,,2
In person,Bearspaw Chapel,Gateway Stake,30 - 60 Minutes,-0.08879765101097008,0.13947971899524875,-0.2687604324588372,25,1,2,Neutral,No Comments,10,,2
In person,Gateway Stake Centre ,Gateway Stake,30 - 60 Minutes,-1.1356752208245144,-0.24076519445224479,0.41848997849052777,21,0,1,Neutral,No Comments,17,,2
In person,Bonnie Doon Stake Centre,Bonnie Doon Stake,0 - 30 Minutes,-0.08879765101097008,-0.24076519445224479,-0.8201590179879789,7,0,1,Neutral,No Comments,7,,2
In person,Gateway Stake Centre ,Gateway Stake,30 - 60 Minutes,-0.08879765101097008,-0.24076519445224479,0.8180541709029493,32,1,2,Negative,Route 2 included with route 1 numbers,4,,2
In person,Londonberry Chapel,Bonnie Doon Stake,30 - 60 Minutes,-0.08879765101097008,0.13947971899524875,-1.251688345793394,23,0,1,Neutral,No Comments,11,,2
In person,Riverbend Stake Centre,Riverbend Stake,1 Hour - 1.5 Hours,0.9580799188025743,0.13947971899524875,-1.0598975334354317,15,0,1,Positive,Everything was good. Paper bags were better than plastic. ,23,,2
In person,Riverbend Stake Centre,Riverbend Stake,30 - 60 Minutes,-0.08879765101097008,0.2662280234777466,-0.045004484707881126,18,0,1,Positive,"good participation from our route, smooth process",23,,2
In person,Bearspaw Chapel,Gateway Stake,0 - 30 Minutes,-0.08879765101097008,-0.24076519445224479,-0.340681987093073,26,0,1,Negative,A lot of time spent delivering bags in the week about an hour,1,,2
In person,Bonnie Doon Stake Centre,Bonnie Doon Stake,30 - 60 Minutes,-0.08879765101097008,0.2662280234777466,-1.419505306606611,30,0,1,Neutral,No Comments,3,,2
In person,Londonberry Chapel,Bonnie Doon Stake,0 - 30 Minutes,-0.08879765101097008,-0.24076519445224479,-1.2756621973381392,18,0,1,Neutral,No Comments,11,,2
In person,Londonberry Chapel,Bonnie Doon Stake,0 - 30 Minutes,-0.08879765101097008,-0.11401688996974695,-1.3395924681241267,12,0,1,Neutral,No Comments,11,,2
via Email,Bearspaw Chapel,Gateway Stake,30 - 60 Minutes,-0.08879765101097008,0.13947971899524875,-1.3955314550618658,36,0,1,Neutral,No Comments,1,,2
In person,Gateway Stake Centre ,Gateway Stake,30 - 60 Minutes,0.9580799188025743,0.2662280234777466,-0.4845250963615448,30,0,1,Positive,Its fun and it helps,17,,2
In person,Bonnie Doon Stake Centre,Bonnie Doon Stake,0 - 30 Minutes,-0.08879765101097008,-0.11401688996974695,-0.42059482557555733,7,0,1,Negative,"Router seems to be declining, quite a few houses with no flyer/junk mail‚Ä¶ should deliver to them anyway.",7,,2
In person,Bearspaw Chapel,Gateway Stake,30 - 60 Minutes,-0.08879765101097008,-0.11401688996974695,-1.3236099004276298,20,0,1,Neutral,No Comments,1,,2
In person,Gateway Stake Centre ,Gateway Stake,0 - 30 Minutes,-0.08879765101097008,-0.24076519445224479,0.46643768158001836,16,0,1,Neutral,No Comments,17,,2
In person,Riverbend Stake Centre,Riverbend Stake,30 - 60 Minutes,0.9580799188025743,0.012731414512750904,-1.0199411141941896,8,0,1,Positive,Great experience. ,23,,2
In person,Edmonton North Stake Centre,Edmonton North Stake,30 - 60 Minutes,-0.08879765101097008,0.13947971899524875,0.29862072076680135,38,0,1,Neutral,No Comments,9,,2
In person,Gateway Stake Centre ,Gateway Stake,1 Hour - 1.5 Hours,0.9580799188025743,-0.24076519445224479,1.297531201797855,30,1,3,Neutral,No Comments,4,,2
In person,Bonnie Doon Stake Centre,YSA Stake,30 - 60 Minutes,0.9580799188025743,-0.24076519445224479,-0.8920805726222146,15,0,1,Neutral,No Comments,12,,2
In person,Bonnie Doon Stake Centre,YSA Stake,30 - 60 Minutes,-1.1356752208245144,-0.24076519445224479,0.24268173382906233,12,0,1,Neutral,No Comments,21,,2
In person,Bearspaw Chapel,Riverbend Stake,30 - 60 Minutes,-0.08879765101097008,-0.24076519445224479,-0.029021917011384266,23,0,1,Positive,It was a good experience ,16,,2
In person,Bonnie Doon Stake Centre,Bonnie Doon Stake,0 - 30 Minutes,-0.08879765101097008,-0.24076519445224479,-0.6203769217817681,12,0,1,Negative,"We're actually in the Strathcona Married Student Ward, but they was not an option from the drop down menu.",7,,2
In person,Bonnie Doon Stake Centre,YSA Stake,30 - 60 Minutes,-1.1356752208245144,-0.24076519445224479,0.24268173382906233,12,0,1,Neutral,No Comments,21,,2
In person,Bonnie Doon Stake Centre,Bonnie Doon Stake,0 - 30 Minutes,-0.08879765101097008,0.012731414512750904,-0.08496090394912327,20,0,1,Positive,It was hype,7,,2
In person,Riverbend Stake Centre,Riverbend Stake,0 - 30 Minutes,-0.08879765101097008,-0.24076519445224479,-0.6203769217817681,10,0,1,Positive,great experience ,14,,2
In person,Riverbend Stake Centre,Riverbend Stake,0 - 30 Minutes,-1.1356752208245144,0.012731414512750904,-0.6203769217817681,6,0,1,Neutral,No Comments,23,,2
In person,Londonberry Chapel,Bonnie Doon Stake,0 - 30 Minutes,-1.1356752208245144,0.012731414512750904,-1.179766791159158,22,0,1,Neutral,No Comments,2,,2
In person,Bearspaw Chapel,Gateway Stake,30 - 60 Minutes,-0.08879765101097008,-0.11401688996974695,-0.23679529706584343,28,0,1,Neutral,No Comments,10,,2
In person,Edmonton North Stake Centre,Edmonton North Stake,0 - 30 Minutes,-1.1356752208245144,-0.24076519445224479,-0.0050480654666389775,12,0,1,Negative,Not sure about # of routes,13,,2
In person,Riverbend Stake Centre,Riverbend Stake,30 - 60 Minutes,-1.1356752208245144,0.012731414512750904,-0.06897833625262642,11,0,1,Neutral,No Comments,16,,2
In person,Londonberry Chapel,Bonnie Doon Stake,0 - 30 Minutes,-1.1356752208245144,0.13947971899524875,-1.363566319668872,10,0,1,Neutral,No Comments,11,,2
In person,Londonberry Chapel,Bonnie Doon Stake,2+ Hours,-0.08879765101097008,-0.24076519445224479,-1.0998539526766737,15,0,1,Negative,It was better last year,11,,2
In person,Londonberry Chapel,Bonnie Doon Stake,0 - 30 Minutes,-1.1356752208245144,-0.24076519445224479,-0.9400282757117052,17,0,1,Neutral,No Comments,11,,2
In person,Gateway Stake Centre ,Gateway Stake,30 - 60 Minutes,2.0049574886161183,-0.24076519445224479,-0.4925163802097932,50,1,2,Positive,It was amazing! Glad were able to help,4,,2
In person,Londonberry Chapel,Bonnie Doon Stake,0 - 30 Minutes,-0.08879765101097008,0.012731414512750904,-0.6283682056300165,24,0,1,Neutral,No Comments,2,,2
In person,Bearspaw Chapel,Gateway Stake,30 - 60 Minutes,-0.08879765101097008,0.012731414512750904,-0.13290860703861385,56,0,1,Neutral,No Comments,1,,2
In person,Bonnie Doon Stake Centre,Bonnie Doon Stake,0 - 30 Minutes,-0.08879765101097008,0.012731414512750904,-0.8201590179879789,8,0,1,Positive,Loved the paper bags - easier to distribute and pick up. Consider leaving extra bags with local businesses in each pick up area for added promotion and awareness for residents (who may have a no flyer sign) to grab a bag. ,3,,2
In person,Londonberry Chapel,Bonnie Doon Stake,30 - 60 Minutes,-0.08879765101097008,-0.24076519445224479,-1.3156186165793815,14,0,1,Positive,Yellow bags were better ,11,,2
In person,Bearspaw Chapel,Gateway Stake,0 - 30 Minutes,-0.08879765101097008,-0.24076519445224479,-0.06098705240437798,30,0,1,Neutral,No Comments,10,,2
In person,Bonnie Doon Stake Centre,Bonnie Doon Stake,0 - 30 Minutes,-0.08879765101097008,-0.24076519445224479,0.13080375995358431,21,0,1,Negative,Most houses have a no soliciting sign ,3,,2
In person,Londonberry Chapel,Bonnie Doon Stake,30 - 60 Minutes,-0.08879765101097008,0.13947971899524875,-1.2996360488828846,18,0,1,Neutral,No Comments,11,,2
In person,Bearspaw Chapel,Gateway Stake,30 - 60 Minutes,2.0049574886161183,0.13947971899524875,-0.5484553671475322,21,0,1,Negative,"Hoping for more, was disappointed with donations but understands the strain on the economy presently ",1,,2
In person,Gateway Stake Centre ,Gateway Stake,30 - 60 Minutes,-1.1356752208245144,-0.24076519445224479,-1.3236099004276298,11,0,1,Positive,It was fun.,17,,2
In person,Riverbend Stake Centre,Riverbend Stake,30 - 60 Minutes,-0.08879765101097008,-0.11401688996974695,0.8180541709029493,40,0,1,Positive,Brighter color bags will eb easier to spot,14,,2
In person,Bonnie Doon Stake Centre,Bonnie Doon Stake,0 - 30 Minutes,-1.1356752208245144,0.13947971899524875,-0.22081272936934657,12,0,1,Neutral,No Comments,7,,2
In person,Edmonton North Stake Centre,Edmonton North Stake,30 - 60 Minutes,-0.08879765101097008,-0.24076519445224479,0.3146032884632982,13,0,1,Neutral,No Comments,13,,2
In person,Londonberry Chapel,Bonnie Doon Stake,0 - 30 Minutes,-1.1356752208245144,-0.24076519445224479,-1.3395924681241267,12,0,1,Neutral,No Comments,2,,2
In person,Riverbend Stake Centre,Riverbend Stake,1 Hour - 1.5 Hours,-0.08879765101097008,0.012731414512750904,0.10682990840883903,30,0,1,Positive,Good,14,,2
In person,Bonnie Doon Stake Centre,Bonnie Doon Stake,0 - 30 Minutes,-1.1356752208245144,0.2662280234777466,-0.5005076640580416,4,0,1,Positive,Love it! ,3,,2
via Email,Gateway Stake Centre ,Gateway Stake,0 - 30 Minutes,-0.08879765101097008,0.13947971899524875,0.018925786078106313,19,1,2,Neutral,No Comments,6,,2
In person,Bearspaw Chapel,Gateway Stake,1 Hour - 1.5 Hours,-1.1356752208245144,-0.11401688996974695,-0.172865026279856,50,0,1,Neutral,No Comments,1,,2
In person,Edmonton North Stake Centre,Edmonton North Stake,1 Hour - 1.5 Hours,-1.1356752208245144,-0.11401688996974695,0.1787514630430749,35,0,1,Positive,Half of our route filled my car lol,13,,2
In person,Bearspaw Chapel,Gateway Stake,30 - 60 Minutes,-0.08879765101097008,-0.24076519445224479,-1.2596796296416424,35,0,1,Positive,Not many people hell jn donations ,1,,2
In person,Gateway Stake Centre ,Gateway Stake,30 - 60 Minutes,-0.08879765101097008,20.672705045159898,-0.10094347164562013,18,0,1,Neutral,No Comments,10,,2
In person,Gateway Stake Centre ,Gateway Stake,0 - 30 Minutes,-1.1356752208245144,-0.24076519445224479,-1.4115140227583627,10,0,1,Negative,I dont think I got the enough as last year,10,,2
In person,Edmonton North Stake Centre,Edmonton North Stake,1 Hour - 1.5 Hours,-0.08879765101097008,-0.24076519445224479,-0.06098705240437798,32,0,1,Neutral,No Comments,13,,2
In person,Edmonton North Stake Centre,Edmonton North Stake,30 - 60 Minutes,-1.1356752208245144,0.012731414512750904,-0.9400282757117052,20,0,1,Positive,This was fun!,9,,2
In person,Bearspaw Chapel,Gateway Stake,30 - 60 Minutes,-1.1356752208245144,0.012731414512750904,-0.30072556785183086,12,0,1,Neutral,No Comments,10,,2
In person,Bearspaw Chapel,Gateway Stake,30 - 60 Minutes,-0.08879765101097008,0.13947971899524875,-0.34867327094132144,55,0,1,Positive,Love it,1,,2
In person,Gateway Stake Centre ,Gateway Stake,0 - 30 Minutes,-1.1356752208245144,0.2662280234777466,-0.39662097403081203,7,0,1,Neutral,No Comments,4,,2
In person,Bearspaw Chapel,Gateway Stake,30 - 60 Minutes,-1.1356752208245144,-0.11401688996974695,-0.172865026279856,50,0,1,Positive,Pretty easy ,1,,2
In person,Riverbend Stake Centre,Riverbend Stake,0 - 30 Minutes,-0.08879765101097008,0.012731414512750904,-0.6203769217817681,12,0,1,Neutral,No Comments,23,,2
In person,Londonberry Chapel,Bonnie Doon Stake,0 - 30 Minutes,-0.08879765101097008,-0.24076519445224479,-0.42059482557555733,20,0,1,Neutral,No Comments,2,,2
In person,Bonnie Doon Stake Centre,Bonnie Doon Stake,1 Hour - 1.5 Hours,0.9580799188025743,-0.24076519445224479,0.13879504380183275,40,0,1,Neutral,No Comments,3,,2
In person,Londonberry Chapel,Bonnie Doon Stake,30 - 60 Minutes,-2.182552790638059,0.012731414512750904,-0.0050480654666389775,19,0,1,Neutral,No Comments,11,,2
In person,Edmonton North Stake Centre,Bonnie Doon Stake,1 Hour - 1.5 Hours,-1.1356752208245144,-0.11401688996974695,0.1787514630430749,30,0,1,Positive,Paper bags were a good idea,7,,2
In person,Londonberry Chapel,Bonnie Doon Stake,1 Hour - 1.5 Hours,-1.1356752208245144,-0.11401688996974695,-0.0050480654666389775,51,0,1,Positive,Apartment building collected bags by themselves . They want that bags should be dropped off for them as well,11,,2
In person,Bearspaw Chapel,Gateway Stake,0 - 30 Minutes,-1.1356752208245144,-0.24076519445224479,-1.3875401712136173,1,0,1,Neutral,No Comments,1,,2
In person,Gateway Stake Centre ,Gateway Stake,30 - 60 Minutes,-0.08879765101097008,-0.24076519445224479,-0.30072556785183086,21,0,1,Neutral,No Comments,4,,2
In person,Riverbend Stake Centre,Riverbend Stake,30 - 60 Minutes,-0.08879765101097008,0.012731414512750904,-0.6203769217817681,40,0,1,Positive,Good,8,,2
In person,Edmonton North Stake Centre,Edmonton North Stake,0 - 30 Minutes,-0.08879765101097008,-0.24076519445224479,-0.7802025987467367,6,0,1,Neutral,No Comments,9,,2
In person,Gateway Stake Centre ,Gateway Stake,30 - 60 Minutes,-1.1356752208245144,-0.11401688996974695,0.5783156554554963,25,1,2,Neutral,No Comments,4,,2
In person,Gateway Stake Centre ,Gateway Stake,0 - 30 Minutes,0.9580799188025743,-0.24076519445224479,-0.6203769217817681,20,0,1,Positive,Love this food drive,4,,2
In person,Gateway Stake Centre ,Gateway Stake,0 - 30 Minutes,0.9580799188025743,-0.24076519445224479,-0.6203769217817681,20,0,1,Positive,Love this food drive,4,,2
In person,Bonnie Doon Stake Centre,Bonnie Doon Stake,0 - 30 Minutes,-0.08879765101097008,0.012731414512750904,-0.22081272936934657,18,0,1,Neutral,No Comments,7,,2
In person,Riverbend Stake Centre,Riverbend Stake,30 - 60 Minutes,-0.08879765101097008,0.012731414512750904,-0.30072556785183086,50,0,1,Positive,Great irganization,8,,2
In person,Riverbend Stake Centre,Riverbend Stake,0 - 30 Minutes,-1.1356752208245144,0.012731414512750904,-0.42059482557555733,28,0,1,Neutral,No Comments,23,,2
In person,Bearspaw Chapel,Gateway Stake,30 - 60 Minutes,-0.08879765101097008,0.13947971899524875,-0.38063840633431517,35,0,1,Positive,It was good.,10,,2
In person,Gateway Stake Centre ,Gateway Stake,1 Hour - 1.5 Hours,-0.08879765101097008,-0.24076519445224479,-0.38063840633431517,16,0,1,Negative,We suggest not including this area next year.,4,,2
In person,Gateway Stake Centre ,Gateway Stake,0 - 30 Minutes,-1.1356752208245144,-0.24076519445224479,-1.4115140227583627,2,0,1,Neutral,No Comments,4,,2
via Email,Bonnie Doon Stake Centre,Bonnie Doon Stake,1 Hour - 1.5 Hours,-0.08879765101097008,0.012731414512750904,0.1787514630430749,23,0,1,Positive,Have volunteers leave a thank you flyer at homes that donated . Or a magnate ,7,,2
In person,Londonberry Chapel,Bonnie Doon Stake,30 - 60 Minutes,-0.08879765101097008,-0.24076519445224479,-1.0998539526766737,26,1,2,Neutral,No Comments,11,,2
In person,Edmonton North Stake Centre,Edmonton North Stake,30 - 60 Minutes,-0.08879765101097008,-0.24076519445224479,-0.0929521877973717,20,0,1,Positive,Ty,9,,2
In person,Gateway Stake Centre ,Gateway Stake,30 - 60 Minutes,-0.08879765101097008,0.012731414512750904,0.2586643015255592,20,0,1,Neutral,No Comments,6,,2
In person,Bearspaw Chapel,Riverbend Stake,30 - 60 Minutes,-0.08879765101097008,0.012731414512750904,0.21870788228431706,21,0,1,Neutral,No Comments,16,,2
In person,Londonberry Chapel,Bonnie Doon Stake,2+ Hours,-0.08879765101097008,-0.24076519445224479,-0.0050480654666389775,9,0,1,Neutral,No Comments,2,,2
In person,Gateway Stake Centre ,Gateway Stake,30 - 60 Minutes,2.0049574886161183,0.012731414512750904,-0.037013200859632694,17,0,1,Neutral,No Comments,10,,2
In person,Bearspaw Chapel,Bonnie Doon Stake,30 - 60 Minutes,-0.08879765101097008,-0.24076519445224479,-0.22081272936934657,40,0,1,Neutral,No Comments,18,,2
In person,Bearspaw Chapel,Gateway Stake,30 - 60 Minutes,-0.08879765101097008,0.012731414512750904,-0.18085631012810444,22,0,1,Negative,Area doesn‚Äôt have a lot of mailboxes had to place bags under mats not sure if everyone saw them due to change of bags and color as well ,1,,2
In person,Gateway Stake Centre ,Gateway Stake,30 - 60 Minutes,-0.08879765101097008,0.012731414512750904,0.1787514630430749,35,0,1,Neutral,No Comments,6,,2
In person,Bearspaw Chapel,Gateway Stake,30 - 60 Minutes,-0.08879765101097008,-0.24076519445224479,-0.18884759397635287,28,0,1,Neutral,No Comments,10,,2
In person,Bearspaw Chapel,Bonnie Doon Stake,30 - 60 Minutes,-0.08879765101097008,-0.24076519445224479,-0.39662097403081203,12,0,1,Neutral,No Comments,18,,2
In person,Londonberry Chapel,Bonnie Doon Stake,30 - 60 Minutes,-1.1356752208245144,0.012731414512750904,0.41848997849052777,42,0,1,Neutral,No Comments,2,,2
via Email,Gateway Stake Centre ,Gateway Stake,30 - 60 Minutes,-0.08879765101097008,-0.24076519445224479,-0.37264712248606674,20,0,1,Neutral,No Comments,4,,2
In person,Gateway Stake Centre ,Gateway Stake,0 - 30 Minutes,-1.1356752208245144,0.012731414512750904,-0.6203769217817681,20,0,1,Neutral,No Comments,6,,2
In person,Riverbend Stake Centre,Riverbend Stake,30 - 60 Minutes,-0.08879765101097008,0.13947971899524875,-0.22081272936934657,30,0,1,Positive,Awesome!!!,19,,2
In person,Riverbend Stake Centre,Riverbend Stake,30 - 60 Minutes,-0.08879765101097008,0.13947971899524875,-0.22081272936934657,30,0,1,Positive,Awesome!!!,19,,2
In person,Bearspaw Chapel,Gateway Stake,1 Hour - 1.5 Hours,-1.1356752208245144,0.13947971899524875,-0.06897833625262642,20,0,1,Neutral,No Comments,10,,2
In person,Bearspaw Chapel,Gateway Stake,1 Hour - 1.5 Hours,-0.08879765101097008,0.012731414512750904,-0.1968388778246013,35,0,1,Negative,Was disappointed with the amount of donations received ,1,,2
In person,Riverbend Stake Centre,Riverbend Stake,1 Hour - 1.5 Hours,-0.08879765101097008,-0.24076519445224479,-0.22081272936934657,20,0,1,Neutral,No Comments,5,,2
In person,Bonnie Doon Stake Centre,Bonnie Doon Stake,30 - 60 Minutes,-0.08879765101097008,-0.24076519445224479,-0.21282144552109816,18,0,1,Negative,"I am in the Married Student Ward, but the route was called Strathcona 3",18,,2
In person,Gateway Stake Centre ,Gateway Stake,30 - 60 Minutes,0.9580799188025743,-0.24076519445224479,0.5063941008212606,50,0,1,Positive,Good stuff,17,,2
In person,Riverbend Stake Centre,Riverbend Stake,30 - 60 Minutes,-0.08879765101097008,-0.24076519445224479,0.07486477301584532,45,0,1,Neutral,No comment ,16,,2
via Email,Gateway Stake Centre ,Gateway Stake,2+ Hours,-0.08879765101097008,0.13947971899524875,0.8180541709029493,48,1,2,Neutral,No Comments,4,,2
In person,Edmonton North Stake Centre,Edmonton North Stake,0 - 30 Minutes,-0.08879765101097008,0.012731414512750904,0.018925786078106313,15,0,1,Neutral,No Comments,9,,2
In person,Londonberry Chapel,Bonnie Doon Stake,30 - 60 Minutes,-1.1356752208245144,-0.11401688996974695,0.9778798478679179,54,0,1,Neutral,No Comments,2,,2
In person,Londonberry Chapel,Bonnie Doon Stake,30 - 60 Minutes,-1.1356752208245144,-0.11401688996974695,0.9778798478679179,54,0,1,Neutral,No Comments,2,,2
In person,Bearspaw Chapel,Gateway Stake,30 - 60 Minutes,-0.08879765101097008,0.012731414512750904,-0.6203769217817681,25,0,1,Positive,It was nice.,22,,2
In person,Gateway Stake Centre ,Gateway Stake,1 Hour - 1.5 Hours,0.9580799188025743,-0.11401688996974695,0.41848997849052777,21,0,1,Neutral,No Comments,17,,2
In person,Londonberry Chapel,Bonnie Doon Stake,30 - 60 Minutes,-0.08879765101097008,-0.11401688996974695,0.9778798478679179,55,1,2,Neutral,No Comments,11,,2
In person,Edmonton North Stake Centre,Edmonton North Stake,30 - 60 Minutes,3.051835058429663,0.2662280234777466,0.8660018739924399,29,0,1,Neutral,No Comments,13,,2
In person,Londonberry Chapel,Bonnie Doon Stake,30 - 60 Minutes,-1.1356752208245144,0.2662280234777466,-1.1877580750074066,29,0,1,Negative,Route unknown ,11,,2
In person,Bonnie Doon Stake Centre,Bonnie Doon Stake,30 - 60 Minutes,-0.08879765101097008,0.13947971899524875,-0.7002897602642524,12,0,1,Neutral,No Comments,3,,2
via Email,Gateway Stake Centre ,Gateway Stake,30 - 60 Minutes,2.0049574886161183,-0.11401688996974695,0.7461326162687134,27,1,2,Neutral,No Comments,4,,2
In person,Londonberry Chapel,Bonnie Doon Stake,30 - 60 Minutes,-0.08879765101097008,-0.24076519445224479,-0.0050480654666389775,20,0,1,Neutral,No Comments,11,,2
In person,Riverbend Stake Centre,Riverbend Stake,1 Hour - 1.5 Hours,-0.08879765101097008,0.012731414512750904,0.514385384669509,26,1,2,Neutral,No Comments,14,,2
In person,Bearspaw Chapel,Gateway Stake,0 - 30 Minutes,-1.1356752208245144,0.13947971899524875,-0.18085631012810444,22,0,1,Neutral,No Comments,1,,2
In person,Londonberry Chapel,Bonnie Doon Stake,30 - 60 Minutes,-0.08879765101097008,-0.24076519445224479,-1.2996360488828846,15,0,1,Neutral,No Comments,11,,2
via Email,Gateway Stake Centre ,Gateway Stake,0 - 30 Minutes,-0.08879765101097008,0.2662280234777466,0.16276889534657804,33,1,2,Neutral,No Comments,6,,2
In person,Bonnie Doon Stake Centre,Bonnie Doon Stake,30 - 60 Minutes,-0.08879765101097008,-0.24076519445224479,-0.8201590179879789,15,0,1,Positive,"Super fun year to be part of this! 
",7,,2
In person,Gateway Stake Centre ,Gateway Stake,1 Hour - 1.5 Hours,-0.08879765101097008,0.012731414512750904,-0.07696962010087484,16,0,1,Neutral,No Comments,17,,2
In person,Gateway Stake Centre ,Gateway Stake,30 - 60 Minutes,-0.08879765101097008,0.012731414512750904,-1.2197232104004003,250,0,1,Neutral,No Comments,6,,2
In person,Riverbend Stake Centre,Riverbend Stake,30 - 60 Minutes,-0.08879765101097008,-0.24076519445224479,-0.6443507733265134,15,0,1,Neutral,"No comment 
",16,,2
In person,Bearspaw Chapel,Gateway Stake,30 - 60 Minutes,-0.08879765101097008,0.012731414512750904,-0.38063840633431517,20,0,1,Neutral,No Comments,1,,2
In person,Riverbend Stake Centre,Riverbend Stake,1 Hour - 1.5 Hours,-0.08879765101097008,-0.24076519445224479,0.1787514630430749,70,1,2,Positive,Friendly people‚Ä¶ some not friendly people. Had a lot of fun!,19,,2
In person,Londonberry Chapel,Bonnie Doon Stake,30 - 60 Minutes,4.098712628243208,-0.24076519445224479,0.0988386245605906,26,0,1,Negative,163a ave someone already dropped bags off and 164a someome already picked up the bags,2,,2
In person,Londonberry Chapel,Bonnie Doon Stake,30 - 60 Minutes,-1.1356752208245144,-0.24076519445224479,-1.2596796296416424,24,0,1,Negative,Less people donated than last year,11,,2
In person,Edmonton North Stake Centre,Edmonton North Stake,1 Hour - 1.5 Hours,-0.08879765101097008,-0.24076519445224479,-0.22081272936934657,33,0,1,Neutral,No Comments,9,,2
In person,Londonberry Chapel,Bonnie Doon Stake,0 - 30 Minutes,-1.1356752208245144,-0.11401688996974695,-0.0050480654666389775,18,0,1,Neutral,No Comments,2,,2
In person,Londonberry Chapel,Bonnie Doon Stake,30 - 60 Minutes,-0.08879765101097008,0.13947971899524875,-1.291644765034636,16,1,2,Neutral,No Comments,11,,2
In person,Bonnie Doon Stake Centre,Bonnie Doon Stake,30 - 60 Minutes,-0.08879765101097008,0.13947971899524875,0.5783156554554963,39,0,1,Neutral,No Comments,7,,2
In person,Edmonton North Stake Centre,Edmonton North Stake,30 - 60 Minutes,-0.08879765101097008,-0.24076519445224479,-0.20483016167284973,23,0,1,Neutral,No Comments,13,,2
In person,Bearspaw Chapel,Gateway Stake,2+ Hours,-0.08879765101097008,-0.24076519445224479,0.1787514630430749,25,0,1,Neutral,No Comments,10,,2
In person,Gateway Stake Centre ,Gateway Stake,1 Hour - 1.5 Hours,-0.08879765101097008,-0.11401688996974695,-0.029021917011384266,230,0,1,Negative,The paper bag are bad   Recommendations for recycle bag,17,,2
In person,Bearspaw Chapel,Gateway Stake,0 - 30 Minutes,-0.08879765101097008,0.012731414512750904,-0.0050480654666389775,22,0,1,Neutral,No Comments,1,,2
In person,Riverbend Stake Centre,Riverbend Stake,30 - 60 Minutes,-0.08879765101097008,0.012731414512750904,0.2586643015255592,24,0,1,Positive,Should have thank you door knockers to put on where we picked up,8,,2
In person,Gateway Stake Centre ,Gateway Stake,1 Hour - 1.5 Hours,-0.08879765101097008,0.012731414512750904,-0.4605512448167995,40,1,2,Positive,All good ,15,,2
In person,Riverbend Stake Centre,Riverbend Stake,1 Hour - 1.5 Hours,-1.1356752208245144,-0.11401688996974695,-1.0998539526766737,40,0,1,Positive,Great!!,19,,2
In person,Bearspaw Chapel,Gateway Stake,30 - 60 Minutes,-0.08879765101097008,0.13947971899524875,0.3305858561597951,28,1,2,Neutral,No Comments,10,,2
In person,Londonberry Chapel,Bonnie Doon Stake,30 - 60 Minutes,-1.1356752208245144,-0.24076519445224479,0.1787514630430749,22,0,1,Positive,We got more than last year,11,,2
In person,Gateway Stake Centre ,Gateway Stake,30 - 60 Minutes,-0.08879765101097008,0.2662280234777466,-0.42059482557555733,33,0,1,Neutral,No Comments,15,,2
via Email,Gateway Stake Centre ,Gateway Stake,1 Hour - 1.5 Hours,4.098712628243208,0.2662280234777466,0.5783156554554963,30,1,2,Neutral,No Comments,17,,2
In person,Londonberry Chapel,Bonnie Doon Stake,30 - 60 Minutes,0.9580799188025743,-0.24076519445224479,0.1787514630430749,33,0,1,Negative,"Need data refining- 20,7,6 bags",2,,2
In person,Londonberry Chapel,Bonnie Doon Stake,30 - 60 Minutes,0.9580799188025743,-0.24076519445224479,0.1787514630430749,33,0,1,Negative,"Need data refining- 20,7,6 bags",2,,2
In person,Londonberry Chapel,Bonnie Doon Stake,0 - 30 Minutes,-0.08879765101097008,-0.24076519445224479,-0.6523420571747618,7,0,1,Neutral,No Comments,11,,2
In person,Bonnie Doon Stake Centre,Bonnie Doon Stake,30 - 60 Minutes,-0.08879765101097008,-0.24076519445224479,-0.5884117863887743,13,0,1,Neutral,No Comments,11,,2
In person,Gateway Stake Centre ,Gateway Stake,30 - 60 Minutes,0.9580799188025743,0.012731414512750904,-0.4365773932720542,38,1,2,Neutral,No Comments,4,,2
In person,Gateway Stake Centre ,Gateway Stake,0 - 30 Minutes,-1.1356752208245144,-0.24076519445224479,-0.340681987093073,17,0,1,Positive,Food bank drive collection was higher on thia route than last year.,15,,2
In person,Gateway Stake Centre ,Gateway Stake,30 - 60 Minutes,0.9580799188025743,0.012731414512750904,-0.07696962010087484,20,0,1,Neutral,No Comments,17,,2
In person,Bearspaw Chapel,Bonnie Doon Stake,30 - 60 Minutes,-0.08879765101097008,-0.24076519445224479,-0.27675171630708556,20,0,1,Neutral,No Comments,18,,2
In person,Bearspaw Chapel,Gateway Stake,1 Hour - 1.5 Hours,-0.08879765101097008,0.2662280234777466,0.1787514630430749,20,1,2,Neutral,No Comments,1,,2
In person,Londonberry Chapel,Bonnie Doon Stake,30 - 60 Minutes,-0.08879765101097008,0.012731414512750904,-1.2836534811863878,17,0,1,Neutral,No Comments,11,,2
In person,Gateway Stake Centre ,Gateway Stake,0 - 30 Minutes,-0.08879765101097008,-0.24076519445224479,-0.5404640832992837,50,0,1,Neutral,No Comments,4,,2
In person,Bonnie Doon Stake Centre,Bonnie Doon Stake,1 Hour - 1.5 Hours,0.9580799188025743,-0.24076519445224479,0.11482119225708746,11,1,2,Negative,For Route 4 194 houses 19 collected,3,,2
In person,Edmonton North Stake Centre,Edmonton North Stake,0 - 30 Minutes,-1.1356752208245144,-0.24076519445224479,-1.4115140227583627,1,0,1,Neutral,No Comments,9,,2
In person,Riverbend Stake Centre,Riverbend Stake,30 - 60 Minutes,2.0049574886161183,-0.24076519445224479,-0.22081272936934657,17,0,1,Positive,Feels good to help in a smallwsy,8,,2
In person,Gateway Stake Centre ,Gateway Stake,0 - 30 Minutes,0.9580799188025743,-0.11401688996974695,-0.06098705240437798,9,0,1,Neutral,No Comments,17,,2
In person,Gateway Stake Centre ,Gateway Stake,1 Hour - 1.5 Hours,-0.08879765101097008,-0.24076519445224479,2.400328372856138,30,1,2,Negative,Na,17,,2
In person,Bearspaw Chapel,Gateway Stake,30 - 60 Minutes,-0.08879765101097008,0.012731414512750904,-1.179766791159158,40,0,1,Neutral,No Comments,1,,2
In person,Londonberry Chapel,Bonnie Doon Stake,30 - 60 Minutes,-1.1356752208245144,-0.11401688996974695,-1.2277144942486486,30,1,2,Negative,There was a mixup on route 7 someone else delivered the bags earlier,11,,2
In person,Gateway Stake Centre ,Gateway Stake,0 - 30 Minutes,2.0049574886161183,-0.11401688996974695,-0.7802025987467367,31,0,1,Negative,It was difficult to navigate the app and find information afterwards when it was time to do our route,17,,2
In person,Gateway Stake Centre ,Gateway Stake,0 - 30 Minutes,-0.08879765101097008,0.13947971899524875,-1.139810371917916,6,0,1,Negative,Half of the route ,15,,2
In person,Bearspaw Chapel,Gateway Stake,2+ Hours,-0.08879765101097008,-0.24076519445224479,-0.284743000155334,20,0,1,Neutral,No Comments,10,,2
In person,Riverbend Stake Centre,Riverbend Stake,1 Hour - 1.5 Hours,-0.08879765101097008,-0.11401688996974695,0.21870788228431706,34,0,1,Neutral,No Comments,19,,2
via Email,Bonnie Doon Stake Centre,Bonnie Doon Stake,30 - 60 Minutes,-0.08879765101097008,-0.24076519445224479,0.45844639773176993,21,0,1,Neutral,No Comments,3,,2
In person,Bearspaw Chapel,Gateway Stake,1 Hour - 1.5 Hours,-1.1356752208245144,0.2662280234777466,-0.0929521877973717,32,0,1,Neutral,No Comments,10,,2
In person,Bonnie Doon Stake Centre,Bonnie Doon Stake,1 Hour - 1.5 Hours,-0.08879765101097008,-0.24076519445224479,0.1787514630430749,20,1,3,Positive,Tha ks!,3,,2
In person,Bonnie Doon Stake Centre,Bonnie Doon Stake,30 - 60 Minutes,-0.08879765101097008,-0.24076519445224479,0.37853355924928567,30,0,1,Positive,Great success!,7,,2
In person,Londonberry Chapel,Bonnie Doon Stake,1 Hour - 1.5 Hours,-0.08879765101097008,0.012731414512750904,-0.0050480654666389775,24,0,1,Positive,Plastic bags will be better,2,,2
In person,Gateway Stake Centre ,Gateway Stake,30 - 60 Minutes,-1.1356752208245144,0.012731414512750904,-0.6203769217817681,50,1,2,Neutral,No Comments,4,,2
In person,Bearspaw Chapel,Gateway Stake,30 - 60 Minutes,-0.08879765101097008,-0.24076519445224479,-1.179766791159158,20,0,1,Neutral,No Comments,1,,2
In person,Riverbend Stake Centre,Riverbend Stake,0 - 30 Minutes,0.9580799188025743,0.012731414512750904,0.21071659843606863,26,1,2,Neutral,No Comments,16,,2
In person,Gateway Stake Centre ,Gateway Stake,1 Hour - 1.5 Hours,-0.08879765101097008,-0.24076519445224479,0.49041153312476365,24,0,1,Neutral,No Comments,17,,2
In person,Riverbend Stake Centre,Riverbend Stake,0 - 30 Minutes,-0.08879765101097008,-0.24076519445224479,-0.6603333410230102,15,1,2,Neutral,No Comments,14,,2
In person,Bearspaw Chapel,YSA Stake,0 - 30 Minutes,-0.08879765101097008,-0.24076519445224479,-0.1968388778246013,8,0,1,Negative,Did half of the doors in route didn‚Äôt know the route number,21,,2
In person,Bearspaw Chapel,Bonnie Doon Stake,0 - 30 Minutes,-0.08879765101097008,0.012731414512750904,-0.5564466509957806,15,0,1,Neutral,No Comments,18,,2
In person,Bearspaw Chapel,Gateway Stake,2+ Hours,-0.08879765101097008,-0.24076519445224479,-0.27675171630708556,43,0,1,Neutral,No Comments,1,,2
In person,Bonnie Doon Stake Centre,Bonnie Doon Stake,1 Hour - 1.5 Hours,0.9580799188025743,0.2662280234777466,-0.14089989088686228,35,0,1,Neutral,No Comments,7,,2
In person,Gateway Stake Centre ,Gateway Stake,1 Hour - 1.5 Hours,-0.08879765101097008,0.012731414512750904,0.6981849131792228,30,1,2,Neutral,No Comments,4,,2
In person,Bearspaw Chapel,Gateway Stake,1 Hour - 1.5 Hours,-0.08879765101097008,0.13947971899524875,0.6582284939379807,32,0,1,Neutral,No Comments,1,,2
via Email,Londonberry Chapel,Bonnie Doon Stake,1 Hour - 1.5 Hours,-0.08879765101097008,0.012731414512750904,-0.5404640832992837,30,0,1,Neutral,No Comments,2,,2
In person,Bearspaw Chapel,Bonnie Doon Stake,2+ Hours,-0.08879765101097008,-0.24076519445224479,-0.4365773932720542,15,0,1,Neutral,No Comments,18,,2
In person,Riverbend Stake Centre,Riverbend Stake,1 Hour - 1.5 Hours,-1.1356752208245144,-0.11401688996974695,1.3774440402803394,47,1,2,Neutral,No Comments,19,,2
In person,Bonnie Doon Stake Centre,Bonnie Doon Stake,1 Hour - 1.5 Hours,-0.08879765101097008,0.2662280234777466,0.37853355924928567,22,0,1,Neutral,No Comments,7,,2
In person,Bonnie Doon Stake Centre,Bonnie Doon Stake,1 Hour - 1.5 Hours,-0.08879765101097008,0.2662280234777466,0.37853355924928567,22,0,1,Neutral,No Comments,7,,2
In person,Gateway Stake Centre ,Gateway Stake,30 - 60 Minutes,-0.08879765101097008,0.012731414512750904,-0.30072556785183086,30,0,1,Neutral,No Comments,4,,2
In person,Bearspaw Chapel,Gateway Stake,30 - 60 Minutes,-1.1356752208245144,-0.11401688996974695,-0.26076914861058875,26,0,1,Positive,Good experience speculating that some bag weren‚Äôt delivered to a few locations in the route,10,,2
In person,Bearspaw Chapel,Gateway Stake,1 Hour - 1.5 Hours,-0.08879765101097008,-0.24076519445224479,0.2586643015255592,18,0,1,Neutral,No Comments,1,,2
In person,Londonberry Chapel,Bonnie Doon Stake,0 - 30 Minutes,-0.08879765101097008,-0.11401688996974695,-0.9400282757117052,16,0,1,Neutral,No Comments,2,,2
In person,Bonnie Doon Stake Centre,Bonnie Doon Stake,30 - 60 Minutes,-0.08879765101097008,-0.11401688996974695,-0.22081272936934657,22,0,1,Neutral,No Comments,7,,2
In person,Londonberry Chapel,Bonnie Doon Stake,0 - 30 Minutes,-0.08879765101097008,-0.24076519445224479,-1.3475837519723752,9,0,1,Negative,"Somebody picked bag already ( 2 people did our route ) 
Also, when we dropped off bags someone already did",2,,2
via Email,Riverbend Stake Centre,Riverbend Stake,30 - 60 Minutes,-0.08879765101097008,-0.24076519445224479,-0.08496090394912327,25,0,1,Positive,Good,23,,2
In person,Bearspaw Chapel,Gateway Stake,2+ Hours,-0.08879765101097008,0.2662280234777466,0.0988386245605906,20,1,2,Neutral,No Comments,1,,2
In person,Londonberry Chapel,Bonnie Doon Stake,1 Hour - 1.5 Hours,-0.08879765101097008,0.012731414512750904,-0.5404640832992837,30,0,1,Neutral,No Comments,2,,2
In person,Riverbend Stake Centre,Riverbend Stake,1 Hour - 1.5 Hours,-0.08879765101097008,-0.24076519445224479,-0.029021917011384266,17,0,1,Neutral,No Comments,16,,2
In person,Bonnie Doon Stake Centre,Bonnie Doon Stake,30 - 60 Minutes,-0.08879765101097008,-0.24076519445224479,0.27464686922205606,16,0,1,Neutral,No Comments,3,,2
In person,Gateway Stake Centre ,Gateway Stake,1 Hour - 1.5 Hours,-0.08879765101097008,-0.24076519445224479,-0.22081272936934657,20,0,1,Neutral,No Comments,17,,2
In person,Riverbend Stake Centre,Riverbend Stake,0 - 30 Minutes,-0.08879765101097008,0.13947971899524875,0.13879504380183275,16,0,1,Neutral,No Comments,19,,2
In person,Bearspaw Chapel,Gateway Stake,0 - 30 Minutes,0.9580799188025743,-0.24076519445224479,-0.6203769217817681,27,1,2,Neutral,No Comments,10,,2
In person,Riverbend Stake Centre,Riverbend Stake,0 - 30 Minutes,-0.08879765101097008,0.012731414512750904,-0.6203769217817681,9,0,1,Positive,Good experience,16,,2
In person,Bonnie Doon Stake Centre,Bonnie Doon Stake,30 - 60 Minutes,-0.08879765101097008,-0.24076519445224479,-0.24478658091409186,23,0,1,Neutral,No Comments,18,,2
In person,Londonberry Chapel,Bonnie Doon Stake,0 - 30 Minutes,-1.1356752208245144,0.012731414512750904,-1.3715576035171204,7,0,1,Neutral,No Comments,11,,2
In person,Gateway Stake Centre ,Gateway Stake,30 - 60 Minutes,-0.08879765101097008,-0.24076519445224479,0.5463505200625026,30,1,2,Negative,Less donations than last year,4,,2
In person,Gateway Stake Centre ,Gateway Stake,30 - 60 Minutes,-0.08879765101097008,0.13947971899524875,-0.37264712248606674,25,0,1,Neutral,No Comments,4,,2
In person,Riverbend Stake Centre,Riverbend Stake,0 - 30 Minutes,-0.08879765101097008,0.012731414512750904,-0.045004484707881126,16,0,1,Neutral,No Comments,16,,2
In person,Edmonton North Stake Centre,Edmonton North Stake,30 - 60 Minutes,2.0049574886161183,-0.24076519445224479,0.9858711317161664,19,1,2,Neutral,No Comments,9,,2
In person,Gateway Stake Centre ,Gateway Stake,1 Hour - 1.5 Hours,-0.08879765101097008,-0.24076519445224479,0.46643768158001836,40,0,1,Neutral,No Comments,6,,2
In person,Bearspaw Chapel,Gateway Stake,0 - 30 Minutes,-1.1356752208245144,0.2662280234777466,-1.267670913489891,22,0,1,Neutral,No Comments,10,,2
In person,Riverbend Stake Centre,Riverbend Stake,30 - 60 Minutes,-0.08879765101097008,0.2662280234777466,-0.4605512448167995,16,0,1,Neutral,No Comments,8,,2
In person,Bearspaw Chapel,Bonnie Doon Stake,1 Hour - 1.5 Hours,-0.08879765101097008,-0.24076519445224479,0.9778798478679179,56,1,3,Neutral,No Comments,18,,2
In person,Gateway Stake Centre ,Gateway Stake,1 Hour - 1.5 Hours,3.051835058429663,0.012731414512750904,-1.2037406427039035,31,0,1,Neutral,No Comments,10,,2
In person,Gateway Stake Centre ,Gateway Stake,30 - 60 Minutes,-1.1356752208245144,0.13947971899524875,0.46643768158001836,32,0,1,Neutral,No Comments,17,,2
In person,Bearspaw Chapel,Gateway Stake,0 - 30 Minutes,0.9580799188025743,-0.24076519445224479,-0.7002897602642524,30,0,1,Positive,"More signs  in the neighborhood  required , mailboxes weren‚Äôt checked, earlier days for bags to be dropped off to give people more time",1,,2
In person,Riverbend Stake Centre,Riverbend Stake,1 Hour - 1.5 Hours,2.0049574886161183,0.13947971899524875,-0.26076914861058875,21,1,2,Neutral,No Comments,14,,2
In person,Riverbend Stake Centre,Riverbend Stake,30 - 60 Minutes,4.098712628243208,0.13947971899524875,-0.05299576855612956,50,0,1,Positive,Good,19,,2
In person,Edmonton North Stake Centre,Edmonton North Stake,30 - 60 Minutes,-1.1356752208245144,-0.11401688996974695,0.4984028169730121,31,0,1,Negative,Part 2 of this route (420 houses total) ,13,,2
In person,Riverbend Stake Centre,Riverbend Stake,2+ Hours,-0.08879765101097008,-0.11401688996974695,0.3625509915527888,100,0,1,Positive,People in edmonton are ao kind,19,,2
In person,Londonberry Chapel,Bonnie Doon Stake,1 Hour - 1.5 Hours,-1.1356752208245144,0.012731414512750904,-0.14089989088686228,19,0,1,Positive,You need sign for telling which way to go,2,,2
In person,Bearspaw Chapel,Gateway Stake,2+ Hours,-0.08879765101097008,0.2662280234777466,0.06687348916759689,21,0,1,Neutral,No Comments,1,,2
In person,Gateway Stake Centre ,Gateway Stake,30 - 60 Minutes,-0.08879765101097008,0.012731414512750904,0.1787514630430749,30,1,2,Negative,There was less donations than last year,4,,2
In person,Riverbend Stake Centre,Riverbend Stake,1 Hour - 1.5 Hours,-0.08879765101097008,0.012731414512750904,2.5761366175176037,58,1,3,Positive,Good,14,,2
In person,Londonberry Chapel,Bonnie Doon Stake,0 - 30 Minutes,-0.08879765101097008,-0.11401688996974695,-0.4126035417273089,9,0,1,Neutral,No Comments,2,,2
In person,Bearspaw Chapel,Gateway Stake,1 Hour - 1.5 Hours,-1.1356752208245144,0.012731414512750904,-0.24478658091409186,36,1,2,Neutral,No Comments,10,,2
In person,Gateway Stake Centre ,Gateway Stake,30 - 60 Minutes,-0.08879765101097008,-0.24076519445224479,-0.32469941939657615,28,0,1,Neutral,No Comments,10,,2
In person,Bearspaw Chapel,Bonnie Doon Stake,1 Hour - 1.5 Hours,-0.08879765101097008,0.2662280234777466,-0.15688245858335914,35,0,1,Neutral,No Comments,18,,2
In person,Londonberry Chapel,Bonnie Doon Stake,1 Hour - 1.5 Hours,-0.08879765101097008,-0.24076519445224479,-1.267670913489891,19,1,2,Neutral,No Comments,2,,2
In person,Gateway Stake Centre ,Gateway Stake,0 - 30 Minutes,0.9580799188025743,-0.24076519445224479,-0.021030633163135838,30,0,1,Neutral,No Comments,17,,2
In person,Riverbend Stake Centre,Riverbend Stake,30 - 60 Minutes,-0.08879765101097008,0.012731414512750904,0.1547776114983296,45,0,1,Positive,We love the bags.,8,,2
In person,Edmonton North Stake Centre,Edmonton North Stake,0 - 30 Minutes,-1.1356752208245144,0.13947971899524875,-0.6523420571747618,16,0,1,Neutral,No Comments,9,,2
In person,Riverbend Stake Centre,Riverbend Stake,1 Hour - 1.5 Hours,3.051835058429663,-0.24076519445224479,1.185653227922377,53,1,2,Neutral,No Comments,19,,2
In person,Riverbend Stake Centre,Riverbend Stake,30 - 60 Minutes,-0.08879765101097008,-0.24076519445224479,-0.3087168517000793,19,0,1,Neutral,No Comments,16,,2
In person,Londonberry Chapel,Bonnie Doon Stake,0 - 30 Minutes,-1.1356752208245144,-0.11401688996974695,0.9778798478679179,27,1,3,Neutral,No Comments,2,,2
In person,Gateway Stake Centre ,Gateway Stake,2+ Hours,-0.08879765101097008,0.5197246324427423,0.9778798478679179,50,1,2,Neutral,No Comments,1,,2
In person,Bonnie Doon Stake Centre,Bonnie Doon Stake,30 - 60 Minutes,-1.1356752208245144,-0.24076519445224479,-1.0199411141941896,10,0,1,Neutral,No Comments,7,,2
In person,Bearspaw Chapel,Gateway Stake,1 Hour - 1.5 Hours,-1.1356752208245144,0.012731414512750904,-0.0050480654666389775,45,0,1,Positive,A lot of people came out and brought the bags instead of having to go at physical doors for all donors - didn‚Äôt know route number or # of doors,10,,2
In person,Riverbend Stake Centre,Riverbend Stake,1 Hour - 1.5 Hours,0.9580799188025743,-0.24076519445224479,1.3774440402803394,45,1,2,Positive,Good,16,,2
In person,Gateway Stake Centre ,Gateway Stake,1 Hour - 1.5 Hours,2.0049574886161183,-0.11401688996974695,0.2027253145878202,30,0,1,Neutral,No Comments,17,,2
In person,Londonberry Chapel,Bonnie Doon Stake,30 - 60 Minutes,-0.08879765101097008,-0.24076519445224479,-1.1717755073109097,39,0,1,Neutral,No Comments,11,,2
In person,Londonberry Chapel,Bonnie Doon Stake,1 Hour - 1.5 Hours,-0.08879765101097008,-0.24076519445224479,-1.0199411141941896,40,0,1,Negative,Didn't like the bags as hard to see them,11,,2
In person,Gateway Stake Centre ,Gateway Stake,1 Hour - 1.5 Hours,-0.08879765101097008,-0.11401688996974695,-0.013039349314887408,20,1,2,Neutral,No Comments,6,,2
In person,Riverbend Stake Centre,Riverbend Stake,1 Hour - 1.5 Hours,0.9580799188025743,-0.11401688996974695,1.4094091756733331,59,1,2,Neutral,No Comments,14,,2
In person,Gateway Stake Centre ,Gateway Stake,30 - 60 Minutes,-0.08879765101097008,0.012731414512750904,-0.6203769217817681,12,0,1,Negative,"Routes need to be more clear, not broken up eothin a neighbourhood. Also need to look at demographics as low income housing does not generate donations. It is wa waste of time and resources to target the families who are most likely accessing the food bank.",4,,2
In person,Bonnie Doon Stake Centre,Bonnie Doon Stake,2+ Hours,-1.1356752208245144,0.012731414512750904,0.05888220531934846,25,1,2,Neutral,No Comments,3,,2
In person,Londonberry Chapel,Bonnie Doon Stake,1 Hour - 1.5 Hours,-0.08879765101097008,-0.24076519445224479,-1.179766791159158,40,0,1,Neutral,No Comments,11,,2
In person,Gateway Stake Centre ,Gateway Stake,30 - 60 Minutes,-0.08879765101097008,-0.24076519445224479,-0.029021917011384266,25,0,1,Neutral,No Comments,17,,2
In person,Riverbend Stake Centre,Riverbend Stake,0 - 30 Minutes,-1.1356752208245144,0.39297632796024445,-0.8920805726222146,12,1,2,Positive,It was fun,14,,2
In person,Gateway Stake Centre ,Gateway Stake,2+ Hours,0.9580799188025743,0.773221241407738,1.7770082326927608,41,1,3,Positive,Brown bags worked great. Easier to deliver.,4,,2
In person,Edmonton North Stake Centre,Edmonton North Stake,2+ Hours,-0.08879765101097008,-0.24076519445224479,-0.14089989088686228,32,0,1,Neutral,No Comments,9,,2
In person,Riverbend Stake Centre,Riverbend Stake,1 Hour - 1.5 Hours,-0.08879765101097008,0.13947971899524875,0.25067301767731076,80,0,1,Positive,Great experience for our family ,8,,2
In person,Gateway Stake Centre ,Gateway Stake,0 - 30 Minutes,-1.1356752208245144,-0.24076519445224479,-0.3167081355483277,4,0,1,Negative,"Way less donations on this route than last year, and lots of bag were still hanging in people's mailboxes untouched ",15,,2
In person,Londonberry Chapel,Bonnie Doon Stake,30 - 60 Minutes,-2.182552790638059,0.012731414512750904,-0.0050480654666389775,30,0,1,Neutral,No Comments,2,,2
In person,Bonnie Doon Stake Centre,Bonnie Doon Stake,1 Hour - 1.5 Hours,-0.08879765101097008,-0.24076519445224479,0.514385384669509,46,0,1,Negative,"Not actually in Connors Hill ward, in Strathcona Married Student Ward, wasn't available in the dropdown menu",3,,2
In person,Bonnie Doon Stake Centre,Bonnie Doon Stake,30 - 60 Minutes,-0.08879765101097008,-0.24076519445224479,-0.22081272936934657,25,0,1,Neutral,No Comments,3,,2
In person,Londonberry Chapel,Bonnie Doon Stake,30 - 60 Minutes,-0.08879765101097008,0.8999695458902358,-1.2596796296416424,26,0,1,Negative,Just letting people know which food bank it is going to,11,,2
In person,Riverbend Stake Centre,Riverbend Stake,1 Hour - 1.5 Hours,2.0049574886161183,-0.24076519445224479,1.3454789048873457,73,0,1,Neutral,No Comments,19,,2
In person,Edmonton North Stake Centre,Edmonton North Stake,1 Hour - 1.5 Hours,0.9580799188025743,-0.24076519445224479,-0.340681987093073,14,0,1,Negative,Construction on route ,13,,2
In person,Riverbend Stake Centre,Riverbend Stake,30 - 60 Minutes,2.0049574886161183,-0.24076519445224479,0.5783156554554963,54,0,1,Neutral,No Comments,19,,2
In person,Gateway Stake Centre ,Gateway Stake,1 Hour - 1.5 Hours,-1.1356752208245144,0.012731414512750904,-0.0929521877973717,24,0,1,Neutral,No Comments,10,,2
via Email,Gateway Stake Centre ,Gateway Stake,0 - 30 Minutes,-1.1356752208245144,-0.11401688996974695,0.1787514630430749,58,1,3,Neutral,No Comments,6,,2
In person,Gateway Stake Centre ,Gateway Stake,30 - 60 Minutes,0.9580799188025743,0.012731414512750904,0.23469044998081393,36,0,1,Neutral,No Comments,6,,2
In person,Riverbend Stake Centre,Riverbend Stake,0 - 30 Minutes,2.0049574886161183,0.2662280234777466,-0.6203769217817681,25,0,1,Neutral,No Comments,23,,2
via Email,Riverbend Stake Centre,Riverbend Stake,30 - 60 Minutes,2.0049574886161183,-0.11401688996974695,-0.9400282757117052,14,0,1,Positive,Overall good experience ,23,,2
In person,Riverbend Stake Centre,Riverbend Stake,1 Hour - 1.5 Hours,-1.1356752208245144,0.2662280234777466,0.5783156554554963,56,0,1,Neutral,No Comments,19,,2
In person,Gateway Stake Centre ,Gateway Stake,1 Hour - 1.5 Hours,-1.1356752208245144,-0.11401688996974695,-0.6203769217817681,30,1,2,Neutral,No Comments,6,,2
In person,Gateway Stake Centre ,Gateway Stake,30 - 60 Minutes,-0.08879765101097008,0.2662280234777466,0.6901936293309744,35,0,1,Neutral,No Comments,17,,2
In person,Londonberry Chapel,Bonnie Doon Stake,1 Hour - 1.5 Hours,-1.1356752208245144,-0.24076519445224479,-0.9000718564704631,70,1,2,Positive,Brighter color bags should be there ( yellow ) ,2,,2
In person,Londonberry Chapel,Bonnie Doon Stake,2+ Hours,-0.08879765101097008,-0.24076519445224479,-1.027932398042438,73,1,3,Neutral,No Comments,2,,2
In person,Gateway Stake Centre ,Gateway Stake,30 - 60 Minutes,-0.08879765101097008,0.012731414512750904,0.21870788228431706,10,1,2,Positive,Great fun ,6,,2
In person,Riverbend Stake Centre,Riverbend Stake,1 Hour - 1.5 Hours,-0.08879765101097008,-0.24076519445224479,-0.14089989088686228,42,0,1,Positive,Was fine thanks,19,,2
In person,Edmonton North Stake Centre,Edmonton North Stake,30 - 60 Minutes,-0.08879765101097008,-0.11401688996974695,-0.5724292186922775,23,0,1,Neutral,No Comments,13,,2
In person,Riverbend Stake Centre,Riverbend Stake,1 Hour - 1.5 Hours,0.9580799188025743,-0.24076519445224479,0.13879504380183275,29,0,1,Neutral,No Comments,19,,2
via Email,Gateway Stake Centre ,Gateway Stake,1 Hour - 1.5 Hours,-0.08879765101097008,-0.11401688996974695,-0.30072556785183086,20,0,1,Neutral,No Comments,4,,2
In person,Bearspaw Chapel,Riverbend Stake,1 Hour - 1.5 Hours,-0.08879765101097008,0.2662280234777466,-0.40461225787906047,58,0,1,Neutral,No Comments,14,,2
In person,Riverbend Stake Centre,Riverbend Stake,1 Hour - 1.5 Hours,-0.08879765101097008,-0.24076519445224479,-0.021030633163135838,25,1,2,Positive,It was super fun! It made me realize that people are actually good üëç I wish that we had this kind of community activity more often!,14,,2
In person,Edmonton North Stake Centre,Edmonton North Stake,30 - 60 Minutes,-0.08879765101097008,-0.24076519445224479,0.1787514630430749,22,0,1,Negative,Ellen Pe√±a - doesn‚Äôt know route #,13,,2
In person,Riverbend Stake Centre,Riverbend Stake,1 Hour - 1.5 Hours,2.0049574886161183,0.8999695458902358,-0.05299576855612956,26,0,1,Neutral,No Comments,19,,2
In person,Gateway Stake Centre ,Gateway Stake,30 - 60 Minutes,-0.08879765101097008,0.2662280234777466,0.5383592362142542,25,1,2,Neutral,No Comments,4,,2
In person,Bearspaw Chapel,Bonnie Doon Stake,2+ Hours,-0.08879765101097008,0.012731414512750904,-0.22081272936934657,46,1,2,Neutral,No Comments,18,,2
In person,Edmonton North Stake Centre,Edmonton North Stake,30 - 60 Minutes,-0.08879765101097008,-0.24076519445224479,-0.22081272936934657,16,0,1,Neutral,No Comments,9,,2
In person,Riverbend Stake Centre,Riverbend Stake,0 - 30 Minutes,-0.08879765101097008,0.2662280234777466,-0.3326907032448246,20,0,1,Neutral,No Comments,16,,2
In person,Riverbend Stake Centre,Riverbend Stake,1 Hour - 1.5 Hours,0.9580799188025743,0.012731414512750904,-0.10893475549386857,30,0,1,Neutral,No Comments,19,,2
In person,Gateway Stake Centre ,Gateway Stake,1 Hour - 1.5 Hours,-0.08879765101097008,0.2662280234777466,0.9778798478679179,75,1,3,Neutral,No Comments,6,,2
In person,Londonberry Chapel,Bonnie Doon Stake,1 Hour - 1.5 Hours,-1.1356752208245144,-0.24076519445224479,0.37853355924928567,80,1,2,Neutral,No Comments,2,,2
In person,Gateway Stake Centre ,Gateway Stake,30 - 60 Minutes,-0.08879765101097008,0.13947971899524875,0.41848997849052777,42,1,2,Neutral,No Comments,6,,2
In person,Bearspaw Chapel,Gateway Stake,0 - 30 Minutes,-0.08879765101097008,0.012731414512750904,-0.0050480654666389775,55,1,3,Positive,"Have thank you notes to leave for donors that books on the handle not everyone checks their mailboxes- leave it where it‚Äôs visible , didn‚Äôt have a count of the door numbers",10,,2
In person,Gateway Stake Centre ,Gateway Stake,1 Hour - 1.5 Hours,-1.1356752208245144,-0.11401688996974695,1.073775254046899,150,1,2,Positive,Thank you! This is awesome!,15,,2
In person,Gateway Stake Centre ,Gateway Stake,30 - 60 Minutes,-0.08879765101097008,0.012731414512750904,-0.1488911747351107,15,0,1,Neutral,No Comments,10,,2
In person,Riverbend Stake Centre,Riverbend Stake,2+ Hours,2.0049574886161183,0.012731414512750904,2.000764180443717,75,1,2,Positive,Great Fun!,14,,2
In person,Riverbend Stake Centre,Riverbend Stake,30 - 60 Minutes,-1.1356752208245144,0.012731414512750904,-0.6203769217817681,12,0,1,Neutral,No Comments,19,,2
via Email,Gateway Stake Centre ,Gateway Stake,0 - 30 Minutes,-1.1356752208245144,0.39297632796024445,0.49041153312476365,32,1,2,Neutral,No Comments,6,,2
In person,Gateway Stake Centre ,Gateway Stake,2+ Hours,-0.08879765101097008,-0.24076519445224479,1.7770082326927608,50,1,3,Positive,It was fun and will do it again.,4,,2
via Email,Londonberry Chapel,Bonnie Doon Stake,30 - 60 Minutes,-0.08879765101097008,0.012731414512750904,-0.7002897602642524,17,1,2,Neutral,No Comments,2,,2
In person,Edmonton North Stake Centre,Edmonton North Stake,30 - 60 Minutes,0.9580799188025743,-0.24076519445224479,0.9778798478679179,24,1,2,Neutral,No Comments,9,,2
In person,Bearspaw Chapel,Gateway Stake,2+ Hours,-0.08879765101097008,-0.11401688996974695,0.6582284939379807,100,0,1,Positive,"Great experience , colours of the bags need to be brighter so that donors can see it better",1,,2
In person,Londonberry Chapel,Bonnie Doon Stake,0 - 30 Minutes,-0.08879765101097008,0.13947971899524875,-1.291644765034636,19,1,2,Neutral,No Comments,11,,2
via Email,Londonberry Chapel,Bonnie Doon Stake,30 - 60 Minutes,-0.08879765101097008,0.012731414512750904,-0.42059482557555733,21,1,2,Neutral,No Comments,2,,2
In person,Riverbend Stake Centre,Riverbend Stake,1 Hour - 1.5 Hours,-1.1356752208245144,-0.11401688996974695,0.05089092147110003,45,0,1,Positive,Very successful ,8,,2
In person,Riverbend Stake Centre,Riverbend Stake,2+ Hours,-1.1356752208245144,0.13947971899524875,3.3752650023424464,118,1,2,Neutral,No Comments,23,,2
In person,Gateway Stake Centre ,Gateway Stake,1 Hour - 1.5 Hours,-1.1356752208245144,0.012731414512750904,-0.34867327094132144,30,0,1,Neutral,No Comments,4,,2
In person,Gateway Stake Centre ,Gateway Stake,30 - 60 Minutes,-0.08879765101097008,-0.24076519445224479,0.738141332420465,50,1,2,Positive,Awesome,15,,2
In person,Riverbend Stake Centre,Riverbend Stake,1 Hour - 1.5 Hours,0.9580799188025743,0.012731414512750904,2.5761366175176037,65,1,4,Neutral,No Comments,14,,2
In person,Gateway Stake Centre ,Gateway Stake,1 Hour - 1.5 Hours,-1.1356752208245144,-0.24076519445224479,-0.3167081355483277,6,0,1,Positive,Like being part of it,4,,2
In person,Gateway Stake Centre ,Gateway Stake,0 - 30 Minutes,-0.08879765101097008,0.012731414512750904,-0.4685425286650479,14,0,1,Neutral,No Comments,4,,2
In person,Riverbend Stake Centre,Riverbend Stake,30 - 60 Minutes,3.051835058429663,-0.24076519445224479,1.185653227922377,53,1,2,Neutral,No Comments,19,,2
In person,Edmonton North Stake Centre,Edmonton North Stake,30 - 60 Minutes,-0.08879765101097008,0.012731414512750904,-0.8601154372292209,7,1,2,Neutral,No Comments,13,,2
In person,Gateway Stake Centre ,Gateway Stake,30 - 60 Minutes,2.0049574886161183,-0.24076519445224479,0.8020716032064524,35,0,1,Neutral,No Comments,4,,2
In person,Riverbend Stake Centre,Riverbend Stake,30 - 60 Minutes,0.9580799188025743,-0.24076519445224479,1.2096270794671224,15,0,1,Positive,Love being able to help,16,,2
In person,Bearspaw Chapel,Gateway Stake,30 - 60 Minutes,-1.1356752208245144,-0.11401688996974695,-0.20483016167284973,30,0,1,Positive,Look forward to doing it every year,10,,2
In person,Riverbend Stake Centre,Riverbend Stake,30 - 60 Minutes,-0.08879765101097008,0.13947971899524875,0.2586643015255592,25,0,1,Neutral,No Comments,8,,2
In person,Londonberry Chapel,Bonnie Doon Stake,0 - 30 Minutes,-0.08879765101097008,-0.11401688996974695,-1.2756621973381392,25,0,1,Neutral,No Comments,2,,2
In person,Gateway Stake Centre ,Gateway Stake,30 - 60 Minutes,-0.08879765101097008,0.13947971899524875,0.21870788228431706,25,0,1,Neutral,No Comments,6,,2
In person,Gateway Stake Centre ,Gateway Stake,0 - 30 Minutes,0.9580799188025743,-0.24076519445224479,-0.07696962010087484,25,0,1,Neutral,No Comments,17,,2
In person,Gateway Stake Centre ,Gateway Stake,1 Hour - 1.5 Hours,-0.08879765101097008,0.39297632796024445,0.3066120046150498,46,0,1,Neutral,No Comments,6,,2
In person,Edmonton North Stake Centre,Edmonton North Stake,2+ Hours,-1.1356752208245144,0.2662280234777466,-0.6203769217817681,18,0,1,Neutral,No Comments,13,,2
In person,Riverbend Stake Centre,Riverbend Stake,30 - 60 Minutes,-0.08879765101097008,0.2662280234777466,0.1787514630430749,49,0,1,Negative,Paper bags were harder to handle than previous plastic.,8,,2
In person,Bonnie Doon Stake Centre,Bonnie Doon Stake,2+ Hours,0.9580799188025743,-0.24076519445224479,0.1787514630430749,30,0,1,Negative,"Bags are too flinsy, too small and tear easily",7,,2
In person,Bearspaw Chapel,Gateway Stake,1 Hour - 1.5 Hours,-0.08879765101097008,0.012731414512750904,1.856921071175245,45,1,3,Neutral,Some of route 20 they need it more than they give the donations,10,,2
In person,Gateway Stake Centre ,Gateway Stake,1 Hour - 1.5 Hours,-1.1356752208245144,0.012731414512750904,-0.2527778647623403,25,0,1,Neutral,No Comments,10,,2
In person,Riverbend Stake Centre,Riverbend Stake,1 Hour - 1.5 Hours,-1.1356752208245144,0.012731414512750904,0.6742110616344775,40,0,1,Neutral,No Comments,19,,2
via Email,Bonnie Doon Stake Centre,Bonnie Doon Stake,0 - 30 Minutes,-0.08879765101097008,0.13947971899524875,0.5063941008212606,23,1,2,Negative,Collected about 15 bags from Ottewell 5 route and it has 209 houses. ,3,,2
In person,Edmonton North Stake Centre,Edmonton North Stake,2+ Hours,-0.08879765101097008,0.012731414512750904,2.5601540498211066,55,0,1,Negative,Route2-1.1,13,,2
In person,Bonnie Doon Stake Centre,Bonnie Doon Stake,0 - 30 Minutes,2.0049574886161183,-0.24076519445224479,-0.08496090394912327,30,0,1,Neutral,No Comments,3,,2
In person,Bonnie Doon Stake Centre,Bonnie Doon Stake,1 Hour - 1.5 Hours,-0.08879765101097008,-0.11401688996974695,-1.2197232104004003,12,0,1,Neutral,No Comments,3,,2
In person,Bearspaw Chapel,Gateway Stake,30 - 60 Minutes,-0.08879765101097008,0.13947971899524875,0.4984028169730121,35,0,1,Positive,"The brown bags were a huge improvement, double the amount of food this year in comparison with think the bags are responsible for that",1,,2
In person,Riverbend Stake Centre,Riverbend Stake,30 - 60 Minutes,-0.08879765101097008,-0.24076519445224479,-0.22081272936934657,34,0,1,Neutral,No Comments,19,,2
In person,Gateway Stake Centre ,Gateway Stake,30 - 60 Minutes,-0.08879765101097008,-0.11401688996974695,2.5761366175176037,62,1,2,Neutral,No Comments,6,,2
via Email,Bonnie Doon Stake Centre,Bonnie Doon Stake,0 - 30 Minutes,-0.08879765101097008,0.13947971899524875,0.25067301767731076,15,1,2,Neutral,No Comments,3,,2
In person,Riverbend Stake Centre,Riverbend Stake,2+ Hours,-0.08879765101097008,0.2662280234777466,1.073775254046899,60,1,2,Positive,It‚Äôs always great to see people helping the community,19,,2
In person,Gateway Stake Centre ,Gateway Stake,30 - 60 Minutes,-0.08879765101097008,-0.11401688996974695,-0.228804013217595,25,0,1,Neutral,No Comments,15,,2
In person,Bonnie Doon Stake Centre,Bonnie Doon Stake,0 - 30 Minutes,2.0049574886161183,-0.24076519445224479,-0.08496090394912327,25,0,1,Positive,This was great. I feel uplifted,3,,2
In person,Bonnie Doon Stake Centre,Bonnie Doon Stake,2+ Hours,-1.1356752208245144,-0.24076519445224479,2.751944862179069,80,1,2,Negative,"Number of bags collected is approximate, bags were not counted. Bag collection was completed using a bicycle + trailer. Three trips were needed, totaling 2.5 hours, including travel time to drop off all three loads, and the travel time back to the route after the first two loads. 190 bags were left over from number of bags initially given. About 1/3 of houses had No Flyers/No Junk Mail/No Soliciting posted of them. ",3,,2
In person,Edmonton North Stake Centre,Edmonton North Stake,2+ Hours,0.9580799188025743,-0.24076519445224479,4.973521771992132,66,1,3,Neutral,No Comments,9,,2
In person,Gateway Stake Centre ,Gateway Stake,30 - 60 Minutes,-1.1356752208245144,-0.24076519445224479,-0.5005076640580416,7,0,1,Neutral,No Comments,0,,2
In person,Riverbend Stake Centre,Riverbend Stake,30 - 60 Minutes,-0.08879765101097008,0.2662280234777466,0.5783156554554963,47,0,1,Neutral,No Comments,23,,2
In person,Riverbend Stake Centre,Riverbend Stake,30 - 60 Minutes,-0.08879765101097008,-0.24076519445224479,0.8340367385994462,54,1,3,Neutral,No Comments,14,,2
In person,Riverbend Stake Centre,Riverbend Stake,1 Hour - 1.5 Hours,-0.08879765101097008,0.13947971899524875,0.018925786078106313,42,0,1,Neutral,No Comments,8,,2
In person,Bearspaw Chapel,Gateway Stake,1 Hour - 1.5 Hours,0.9580799188025743,0.2662280234777466,1.593208704183047,71,1,2,Positive,"Great experience, a bit less  than last year - think it‚Äôs because of the economy presently ",1,,2
In person,Riverbend Stake Centre,Riverbend Stake,1 Hour - 1.5 Hours,-0.08879765101097008,0.012731414512750904,-0.6123856379335196,19,0,1,Neutral,No Comments,19,,2
In person,Londonberry Chapel,Bonnie Doon Stake,0 - 30 Minutes,-0.08879765101097008,-0.11401688996974695,-0.0050480654666389775,5,0,1,Neutral,No Comments,2,,2
In person,Gateway Stake Centre ,Gateway Stake,0 - 30 Minutes,-0.08879765101097008,-0.24076519445224479,-0.30072556785183086,17,0,1,Neutral,No Comments,6,,2
In person,Edmonton North Stake Centre,Edmonton North Stake,30 - 60 Minutes,-0.08879765101097008,0.39297632796024445,-0.284743000155334,20,0,1,Neutral,No Comments,9,,2
In person,Londonberry Chapel,Bonnie Doon Stake,30 - 60 Minutes,-1.1356752208245144,-0.11401688996974695,-1.3555750358206236,10,0,1,Positive,Found paper easier to collect ,11,,2
In person,Riverbend Stake Centre,Riverbend Stake,30 - 60 Minutes,-0.08879765101097008,0.13947971899524875,0.2666555853738076,37,0,1,Neutral,No Comments,8,,2
In person,Bearspaw Chapel,Gateway Stake,30 - 60 Minutes,-0.08879765101097008,0.13947971899524875,0.1787514630430749,25,0,1,Negative,Bags - felt weren‚Äôt able to load them up because it‚Äôs a bit more fragile,1,,2
In person,Bonnie Doon Stake Centre,Bonnie Doon Stake,0 - 30 Minutes,-0.08879765101097008,0.012731414512750904,0.37853355924928567,20,0,1,Neutral,No Comments,7,,2
In person,Riverbend Stake Centre,Riverbend Stake,30 - 60 Minutes,-0.08879765101097008,-0.24076519445224479,2.5761366175176037,38,0,1,Neutral,No Comments,8,,2
In person,Riverbend Stake Centre,Riverbend Stake,1 Hour - 1.5 Hours,-0.08879765101097008,0.2662280234777466,0.9778798478679179,50,0,1,Neutral,No Comments,23,,2
In person,Bearspaw Chapel,Gateway Stake,0 - 30 Minutes,2.0049574886161183,-0.24076519445224479,-0.18085631012810444,21,0,1,Negative,Seemed to be a bit less than last year,10,,2
In person,Gateway Stake Centre ,Gateway Stake,30 - 60 Minutes,-0.08879765101097008,-0.24076519445224479,-0.05299576855612956,12,0,1,Positive,Really enjoy ,4,,2
In person,Riverbend Stake Centre,Riverbend Stake,1 Hour - 1.5 Hours,0.9580799188025743,-0.11401688996974695,0.11482119225708746,37,0,1,Neutral,No Comments,19,,2
In person,Riverbend Stake Centre,Riverbend Stake,1 Hour - 1.5 Hours,0.9580799188025743,-0.24076519445224479,0.29862072076680135,38,0,1,Neutral,No Comments,14,,2
via Email,Gateway Stake Centre ,Gateway Stake,30 - 60 Minutes,0.9580799188025743,0.2662280234777466,0.08285605686409375,27,1,3,Neutral,No Comments,17,,2
In person,Riverbend Stake Centre,Riverbend Stake,1 Hour - 1.5 Hours,-0.08879765101097008,-0.24076519445224479,0.9938624155644147,65,0,1,Positive,Also collected st ine 162 unit condo,14,,2
In person,Riverbend Stake Centre,Riverbend Stake,1 Hour - 1.5 Hours,-0.08879765101097008,0.012731414512750904,1.4573568787628237,30,1,2,Neutral,No Comments,16,,2
In person,Edmonton North Stake Centre,Edmonton North Stake,1 Hour - 1.5 Hours,3.051835058429663,1.0267178503727337,4.973521771992132,95,0,1,Neutral,No Comments,13,,2
In person,Riverbend Stake Centre,Riverbend Stake,1 Hour - 1.5 Hours,-0.08879765101097008,0.13947971899524875,0.9778798478679179,40,1,2,Neutral,No Comments,19,,2
In person,Riverbend Stake Centre,Riverbend Stake,1 Hour - 1.5 Hours,2.0049574886161183,0.012731414512750904,0.8899757255371852,55,1,2,Positive,Total bags are from both routes. ,16,,2
In person,Gateway Stake Centre ,Gateway Stake,30 - 60 Minutes,-1.1356752208245144,0.13947971899524875,-0.21282144552109816,34,0,1,Neutral,No Comments,15,,2
In person,Edmonton North Stake Centre,Edmonton North Stake,2+ Hours,-0.08879765101097008,-0.24076519445224479,4.973521771992132,57,1,4,Positive,Great,9,,2
In person,Londonberry Chapel,Bonnie Doon Stake,30 - 60 Minutes,-0.08879765101097008,-0.24076519445224479,-1.0998539526766737,3,0,1,Neutral,No Comments,11,,2
In person,Riverbend Stake Centre,Riverbend Stake,30 - 60 Minutes,-0.08879765101097008,0.012731414512750904,0.1787514630430749,42,0,1,Neutral,No Comments,8,,2
In person,Riverbend Stake Centre,Riverbend Stake,30 - 60 Minutes,-0.08879765101097008,0.012731414512750904,0.9778798478679179,35,0,1,Neutral,No Comments,23,,2
In person,Gateway Stake Centre ,Gateway Stake,1 Hour - 1.5 Hours,-0.08879765101097008,0.012731414512750904,0.6342546423932354,31,1,2,Neutral,No Comments,4,,2
In person,Edmonton North Stake Centre,Edmonton North Stake,30 - 60 Minutes,-1.1356752208245144,-0.11401688996974695,2.040720599684959,39,0,1,Positive,Third trip yay! ,13,,2
In person,Riverbend Stake Centre,Riverbend Stake,2+ Hours,-1.1356752208245144,0.012731414512750904,0.03490835377460317,43,1,2,Positive,"Its so fun
Nice to help",19,,2
In person,Gateway Stake Centre ,Gateway Stake,1 Hour - 1.5 Hours,-1.1356752208245144,0.2662280234777466,0.9778798478679179,40,0,1,Neutral,No Comments,15,,2
In person,Edmonton North Stake Centre,Edmonton North Stake,0 - 30 Minutes,-1.1356752208245144,0.012731414512750904,0.27464686922205606,20,0,1,Neutral,No Comments,9,,2
In person,Edmonton North Stake Centre,Edmonton North Stake,2+ Hours,-0.08879765101097008,0.012731414512750904,1.7770082326927608,123,1,3,Negative,"2-3.2 had 200 doors
2-1.2 had 323 doors",13,,2
In person,Riverbend Stake Centre,Riverbend Stake,0 - 30 Minutes,-0.08879765101097008,-0.24076519445224479,-0.3646558386378183,16,0,1,Neutral,No Comments,14,,2
In person,Londonberry Chapel,Bonnie Doon Stake,2+ Hours,0.9580799188025743,-0.24076519445224479,-1.0199411141941896,50,1,2,Neutral,No Comments,11,,2
In person,Gateway Stake Centre ,Gateway Stake,30 - 60 Minutes,-1.1356752208245144,0.2662280234777466,0.5383592362142542,28,0,1,Neutral,No Comments,17,,2
In person,Gateway Stake Centre ,Gateway Stake,30 - 60 Minutes,-0.08879765101097008,-0.11401688996974695,-0.14089989088686228,29,1,2,Neutral,No Comments,10,,2
In person,Londonberry Chapel,Bonnie Doon Stake,0 - 30 Minutes,-0.08879765101097008,-0.24076519445224479,-0.37264712248606674,9,1,2,Positive,Bag should be of different colour so that it's easy to locate ,11,,2
In person,Riverbend Stake Centre,Riverbend Stake,1 Hour - 1.5 Hours,-0.08879765101097008,-0.24076519445224479,-0.22081272936934657,41,0,1,Neutral,No Comments,8,,2
In person,Edmonton North Stake Centre,Edmonton North Stake,30 - 60 Minutes,0.9580799188025743,0.2662280234777466,-1.1637842234626612,30,0,1,Neutral,No Comments,9,,2
In person,Londonberry Chapel,Bonnie Doon Stake,2+ Hours,-1.1356752208245144,-0.11401688996974695,-0.22081272936934657,45,1,2,Neutral,No Comments,2,,2
In person,Riverbend Stake Centre,Riverbend Stake,2+ Hours,0.9580799188025743,-0.24076519445224479,6.811517057089271,100,1,4,Positive,It was awesome.,19,,2
In person,Gateway Stake Centre ,Gateway Stake,0 - 30 Minutes,0.9580799188025743,-0.24076519445224479,0.44246383003527306,30,0,1,Neutral,No Comments,17,,2
In person,Gateway Stake Centre ,Gateway Stake,1 Hour - 1.5 Hours,-0.08879765101097008,0.012731414512750904,0.018925786078106313,20,0,1,Neutral,No Comments,17,,2
In person,Riverbend Stake Centre,Riverbend Stake,1 Hour - 1.5 Hours,-0.08879765101097008,0.13947971899524875,0.3305858561597951,50,0,1,Neutral,No Comments,8,,2
In person,Londonberry Chapel,Bonnie Doon Stake,0 - 30 Minutes,-0.08879765101097008,-0.24076519445224479,-1.2996360488828846,12,0,1,Neutral,No Comments,11,,2
In person,Riverbend Stake Centre,Riverbend Stake,1 Hour - 1.5 Hours,-0.08879765101097008,-0.24076519445224479,0.8420280224476946,51,0,1,Positive,Well organised ,19,,2
In person,Riverbend Stake Centre,Riverbend Stake,1 Hour - 1.5 Hours,-0.08879765101097008,-0.11401688996974695,-0.021030633163135838,40,1,3,Positive,Other routes equaled 394 door and 52 doors colkected,14,,2
In person,Riverbend Stake Centre,Riverbend Stake,2+ Hours,-1.1356752208245144,0.39297632796024445,-0.3646558386378183,22,1,2,Neutral,No Comments,14,,2
In person,Riverbend Stake Centre,Riverbend Stake,1 Hour - 1.5 Hours,-0.08879765101097008,0.13947971899524875,1.3774440402803394,49,1,2,Positive,Very smooth and efficient. ,19,,2
In person,Gateway Stake Centre ,Gateway Stake,2+ Hours,-0.08879765101097008,0.2662280234777466,4.414131902614742,64,1,4,Neutral,No Comments,4,,2
In person,Riverbend Stake Centre,Riverbend Stake,30 - 60 Minutes,-1.1356752208245144,-0.24076519445224479,-0.22081272936934657,20,0,1,Neutral,No Comments,16,,2
via Email,Gateway Stake Centre ,Gateway Stake,1 Hour - 1.5 Hours,-0.08879765101097008,0.012731414512750904,1.2895399179496065,40,0,1,Neutral,No Comments,17,,2
In person,Riverbend Stake Centre,Riverbend Stake,2+ Hours,-0.08879765101097008,-0.11401688996974695,0.02691706992635474,60,1,3,Neutral,No Comments,14,,2
In person,Gateway Stake Centre ,Gateway Stake,30 - 60 Minutes,-1.1356752208245144,-0.11401688996974695,-0.2527778647623403,22,0,1,Neutral,No Comments,10,,2
In person,Gateway Stake Centre ,Gateway Stake,30 - 60 Minutes,-0.08879765101097008,-0.24076519445224479,0.37853355924928567,30,0,1,Neutral,No Comments,6,,2
In person,Riverbend Stake Centre,Riverbend Stake,0 - 30 Minutes,-0.08879765101097008,0.13947971899524875,-0.284743000155334,23,0,1,Negative,I did not like filling out this survey it distracted from the service i was doing ,16,,2
In person,Edmonton North Stake Centre,Edmonton North Stake,2+ Hours,-0.08879765101097008,-0.24076519445224479,6.172214349229397,133,1,4,Neutral,No Comments,9,,2
In person,Riverbend Stake Centre,Riverbend Stake,30 - 60 Minutes,-0.08879765101097008,0.2662280234777466,-0.6203769217817681,28,0,1,Neutral,No Comments,8,,2
via Email,Bearspaw Chapel,Gateway Stake,1 Hour - 1.5 Hours,2.0049574886161183,0.2662280234777466,-1.3316011842758784,16,1,3,Neutral,No Comments,10,,2
via Email,Bearspaw Chapel,Gateway Stake,1 Hour - 1.5 Hours,2.0049574886161183,0.2662280234777466,-0.15688245858335914,24,1,3,Neutral,No Comments,10,,2
In person,Gateway Stake Centre ,Gateway Stake,2+ Hours,-1.1356752208245144,-0.24076519445224479,0.6582284939379807,200,1,2,Neutral,No Comments,4,,2
via Email,Bearspaw Chapel,Gateway Stake,1 Hour - 1.5 Hours,-0.08879765101097008,-0.24076519445224479,-0.1488911747351107,29,0,1,Positive,Went well. Great weather,10,,2
via Email,Bearspaw Chapel,Gateway Stake,1 Hour - 1.5 Hours,2.0049574886161183,0.2662280234777466,-0.1968388778246013,25,1,3,Neutral,No Comments,10,,2
In person,Gateway Stake Centre ,Gateway Stake,1 Hour - 1.5 Hours,-0.08879765101097008,0.012731414512750904,-0.4126035417273089,20,1,3,Neutral,No Comments,15,,2
via Email,Gateway Stake Centre ,Gateway Stake,30 - 60 Minutes,0.9580799188025743,0.2662280234777466,0.2266991661325655,32,1,3,Neutral,No Comments,17,,2
via Email,Gateway Stake Centre ,Gateway Stake,30 - 60 Minutes,0.9580799188025743,0.2662280234777466,0.19473403073957177,27,1,3,Neutral,No Comments,17,,2
In person,Edmonton North Stake Centre,Edmonton North Stake,1 Hour - 1.5 Hours,0.9580799188025743,-0.11401688996974695,1.0817665378951475,45,1,2,Neutral,No Comments,9,,2
In person,Edmonton North Stake Centre,Edmonton North Stake,0 - 30 Minutes,0.9580799188025743,-0.11401688996974695,-0.30072556785183086,18,0,1,Neutral,No Comments,9,,2
In person,Edmonton North Stake Centre,Edmonton North Stake,1 Hour - 1.5 Hours,0.9580799188025743,-0.24076519445224479,0.9778798478679179,47,1,2,Neutral,No Comments,9,,2
In person,Edmonton North Stake Centre,Edmonton North Stake,30 - 60 Minutes,-1.1356752208245144,0.2662280234777466,0.1787514630430749,40,1,2,Neutral,No Comments,9,,2
In person,Edmonton North Stake Centre,Edmonton North Stake,1 Hour - 1.5 Hours,-1.1356752208245144,-0.24076519445224479,-0.21282144552109816,16,0,1,Positive,Nice doing it ,13,,2
via Email,Bearspaw Chapel,Gateway Stake,0 - 30 Minutes,-0.08879765101097008,0.2662280234777466,-0.06897833625262642,18,1,4,Neutral,No Comments,10,,2
via Email,Bearspaw Chapel,Gateway Stake,0 - 30 Minutes,2.0049574886161183,0.2662280234777466,-0.10094347164562013,23,1,4,Neutral,No Comments,10,,2
via Email,Bearspaw Chapel,Gateway Stake,0 - 30 Minutes,2.0049574886161183,0.2662280234777466,-0.0929521877973717,10,1,4,Neutral,No Comments,10,,2
via Email,Bearspaw Chapel,Gateway Stake,0 - 30 Minutes,-0.08879765101097008,0.2662280234777466,-0.116926039342117,17,1,4,Neutral,No Comments,10,,2
via Email,Bearspaw Chapel,Gateway Stake,0 - 30 Minutes,-0.08879765101097008,0.012731414512750904,-0.6603333410230102,20,0,1,Neutral,No Comments,1,,2
In person,Bonnie Doon Stake Centre,Bonnie Doon Stake,30 - 60 Minutes,-1.1356752208245144,-0.24076519445224479,-1.0998539526766737,15,0,1,Neutral,No Comments,2,,2
In person,Bonnie Doon Stake Centre,Bonnie Doon Stake,30 - 60 Minutes,-0.08879765101097008,-0.11401688996974695,-0.22081272936934657,15,0,1,Neutral,No Comments,2,,2
In person,Bonnie Doon Stake Centre,Bonnie Doon Stake,0 - 30 Minutes,-1.1356752208245144,0.012731414512750904,-0.6203769217817681,15,0,1,Neutral,No Comments,3,,2
In person,Bonnie Doon Stake Centre,Bonnie Doon Stake,1 Hour - 1.5 Hours,-0.08879765101097008,-0.24076519445224479,-1.0199411141941896,15,0,1,Neutral,No Comments,11,,2
In person,Bonnie Doon Stake Centre,Bonnie Doon Stake,0 - 30 Minutes,-1.1356752208245144,-0.24076519445224479,-1.0199411141941896,20,0,1,Neutral,No Comments,7,,2
In person,Bonnie Doon Stake Centre,Bonnie Doon Stake,30 - 60 Minutes,-1.1356752208245144,-0.24076519445224479,0.45844639773176993,21,0,1,Neutral,No Comments,7,,2
In person,Bonnie Doon Stake Centre,Bonnie Doon Stake,30 - 60 Minutes,-1.1356752208245144,-0.24076519445224479,0.1787514630430749,100,0,1,Neutral,No Comments,3,,2
via Email,Bearspaw Chapel,Bonnie Doon Stake,1 Hour - 1.5 Hours,0.9580799188025743,-0.24076519445224479,1.57722613648655,58,1,4,Negative,All the #s are for all routes,18,,2
via Email,Bearspaw Chapel,Gateway Stake,30 - 60 Minutes,-0.08879765101097008,-0.24076519445224479,-0.021030633163135838,30,0,1,Neutral,No Comments,10,,2
via Email,Communities Outside Edmonton,Gateway Stake,2+ Hours,-0.08879765101097008,-0.24076519445224479,-0.6283682056300165,11,1,2,Neutral,No Comments,20,,2
via Email,Communities Outside Edmonton,Gateway Stake,2+ Hours,-0.08879765101097008,-0.24076519445224479,-0.1968388778246013,13,1,2,Neutral,No Comments,20,,2
In person,Bonnie Doon Stake Centre,Bonnie Doon Stake,1 Hour - 1.5 Hours,3.051835058429663,-0.24076519445224479,0.19473403073957177,26,0,1,Negative,Another survey was submitted for Strathcona 7 as well.,3,,2
via Email,Riverbend Stake Centre,Riverbend Stake,1 Hour - 1.5 Hours,-0.08879765101097008,0.13947971899524875,0.1787514630430749,60,1,2,Neutral,No Comments,14,,2
via Email,Riverbend Stake Centre,Riverbend Stake,30 - 60 Minutes,-0.08879765101097008,-0.11401688996974695,-0.1488911747351107,19,0,1,Neutral,No Comments,16,,2
via Email,Riverbend Stake Centre,Riverbend Stake,0 - 30 Minutes,-0.08879765101097008,0.2662280234777466,-0.15688245858335914,24,0,1,Neutral,No Comments,16,,2
via Email,Riverbend Stake Centre,Riverbend Stake,1 Hour - 1.5 Hours,0.9580799188025743,-0.24076519445224479,-0.3646558386378183,19,1,2,Neutral,No Comments,14,,2
via Email,Bearspaw Chapel,Riverbend Stake,1 Hour - 1.5 Hours,-0.08879765101097008,-0.24076519445224479,0.8899757255371852,40,1,2,Positive,"Although we go to Rabbit Hill ward, we live closer to the Bearspaw chapel so dropped donations off there. Seemed like much less in the way of donations this year. Thank you NorQuest for helping with the numbers part of this üòä",14,,2
via Email,Riverbend Stake Centre,Riverbend Stake,1 Hour - 1.5 Hours,0.9580799188025743,-0.24076519445224479,-0.4445686771203026,20,1,2,Neutral,No Comments,14,,2
via Email,Bearspaw Chapel,Gateway Stake,0 - 30 Minutes,-1.1356752208245144,-0.11401688996974695,-0.3326907032448246,21,1,2,Neutral,No Comments,10,,2
via Email,Bearspaw Chapel,Gateway Stake,0 - 30 Minutes,-1.1356752208245144,-0.11401688996974695,-0.0929521877973717,8,1,2,Neutral,No Comments,10,,2
via Email,Riverbend Stake Centre,Riverbend Stake,0 - 30 Minutes,0.9580799188025743,-0.24076519445224479,-0.5404640832992837,10,0,1,Negative,About 12 doors had no soliciting signs,23,,2
via Email,Riverbend Stake Centre,Riverbend Stake,2+ Hours,-1.1356752208245144,-0.11401688996974695,0.5783156554554963,62,0,1,Positive,"Many houses did not have their bags in a visible area. 
Is there a way to partner with Canada post so the bags can be provided to neighbors in their mail?",19,,2
via Email,Riverbend Stake Centre,Riverbend Stake,1 Hour - 1.5 Hours,-0.08879765101097008,0.012731414512750904,-0.9400282757117052,35,0,1,Neutral,No Comments,23,,2
via Email,Riverbend Stake Centre,Riverbend Stake,30 - 60 Minutes,-0.08879765101097008,0.13947971899524875,-0.4605512448167995,31,0,1,Negative,"I'm not sure about the number of doors, this is just an estimate - sorry!",8,,2
via Email,Riverbend Stake Centre,Riverbend Stake,1 Hour - 1.5 Hours,-0.08879765101097008,0.13947971899524875,0.1787514630430749,100,0,1,Neutral,No Comments,8,,2
via Email,Riverbend Stake Centre,Riverbend Stake,30 - 60 Minutes,-0.08879765101097008,-0.24076519445224479,0.2666555853738076,47,0,1,Neutral,No Comments,8,,2
via Email,Riverbend Stake Centre,Riverbend Stake,0 - 30 Minutes,-0.08879765101097008,-0.11401688996974695,-0.9560108434082021,6,0,1,Neutral,No Comments,14,,2
via Email,Bonnie Doon Stake Centre,Bonnie Doon Stake,30 - 60 Minutes,-0.08879765101097008,-0.24076519445224479,-0.22081272936934657,23,0,1,Positive,"This is an annual tradition for me‚Äîit feels so good to be able to contribute and serve in this way. I wish I could do more! But as I‚Äôm getting older, this is the best I can do and I‚Äôm grateful to be able to do it. Thank you to all the volunteers who make this happen. ",3,,2
via Email,Riverbend Stake Centre,Riverbend Stake,1 Hour - 1.5 Hours,-1.1356752208245144,-0.24076519445224479,-0.30072556785183086,33,0,1,Positive,It's a big route for 1 person. The maps for the routes need addresses (at least around the borders of the route) as I don't know how to read maps very well & so that people are not doubling up on the houses (some of the houses my route already has bags in their mailboxes),8,,2
via Email,Riverbend Stake Centre,Riverbend Stake,1 Hour - 1.5 Hours,0.9580799188025743,-0.24076519445224479,-0.45255996096855106,45,0,1,Positive,"We need to give people more time to go shopping to get food for donations - that was a comment that I received from multiple people. 
Another comment I got was that the bags are small.  (Not everyone was that generous, but some people had filled up the bag to the top).
As someone picking up bags I found that the brown paper bag blended into people's doorsteps and was hard to see.  The old plastic bags were better, but if you need to use paper then maybe get them colored bright orange, yellow or blue.  
The person helping me deliver bags had trouble with the map (it really isn't very good) and ended up doing part of someone else's route (I let my coordinator know so the other person didn't double up bags on people's steps).  Maps could be a lot better, they need more details.  
Note - according to the map there were more doors than I delivered to, some were 'No Soliciting' and some I just didn't get to because of time and also because I knew from previous experience that people in those areas didn't participate.  (Sorry, I have arthritic knees and I did what I could which is more than last year, no one did my area in 2023).",19,,2
